id,first_name,last_name,email,salary
10,Zandra,,triedshakira@company.com,2578,371618033623968
20,Davina,Shamapande,lothadelia@company.com,4953,373956318938315
30,Cinthia,,hetnicklaw@company.com,1921,377270429060092
40,Ashton,Rochkes,skintbirches@company.com,3318,373400437933865
50,,Scagliotti,chargedsigrid@company.com,4719,375698819073725
60,Leone,Rings,deafclifford@company.com,4311,344775717545851
70,Mika,Tengan,,3993,378324590541684
80,Shaun,Starns,featdart@company.com,,375645508553061
90,Ninfa,Dompe,markedpozzies@company.com,3630,346404509489586
100,Lea,Genzone,softlyprigs@company.com,4667,372555622778341
110,Michal,Boesen,,3692,343596540625129
120,Prudence,Perro,wholesaleflues@company.com,2761,374100480248117
130,Tena,,wingedsuzann@company.com,4437,374096736417177
140,Temeka,Wools,ainkim@company.com,2087,372318008657138
150,Marybeth,Piepenbrink,frorelenard@company.com,3623,348735745292633
160,Dorie,Lippard,cheerlessolivares@company.com,1786,378499736153337
170,,,,,347952346559697